;title;author;published_date;published_date_precision;link;clean_url;excerpt;summary;rights;rank;topic;country;language;authors;media;is_opinion;twitter_account;_score;_id
0;Learn Python programming in 113 hours with this $40 bundle;Stack Commerce;2022-10-12 14:55:38;full;https://www.engadget.com/2023-premium-python-programming-mega-certification-bundle-deal-sale-145538427.html;engadget.com;This 14-part collection offers lessons on numerous Python implementations, including machine learning, data science and app development..;"When choosing your first programming language, one thing you should consider is the type of projects you want to work on, whether that's web development or automation. But if you're not sure which to specialize in, picking up a versatile language like Python can give you flexibility when exploring the fields you enjoy most.
However, learning a coding language can be challenging without a structured study plan. The 2023 Premium Python Programming Mega Certification Bundle has 14 courses led by experienced developers that can teach you beginner to advanced skills, and it's on sale for $40.";engadget.com;321;news;US;en;Stack Commerce;https://s.yimg.com/os/creatr-uploaded-images/2022-10/077c5240-48b2-11ed-9eff-86e0a504ce73;False;`Engadget`;20.26154;54f5a9e27c96f17f76997c97676ee332
1;$300 Gig Excel Hyperlinks and Python;Yancy Dennis;2022-10-10 16:27:13;full;https://medium.com/@dennisyd/300-gig-excel-hyperlinks-and-python-72d0609db27c;medium.com;Extracting the hidden hyperlinks from your Excel;Extracting the hidden hyperlinks from your ExcelWhen reading a file using Pandas, you may have hyperlinks. However, if you do the normal:You will not the hyperlinked information back. I needed the actual links to perform a web search for specific companies on https://safer.fmcsa.dot.govSo, the first step was to read in the Excel file as usual:;plainenglish.io;51;entertainment;US;en;Yancy Dennis,https://medium.com/@dennisyd;https://miro.medium.com/max/974/1*ABhBMrI1NCzP3liXWfSE_A.png;False;@Medium;18.422554;de04f48ae718f06b3009ae2eca7e514b
2;Man accused of smuggling three python snakes in his trousers across US border;ter;2022-10-07 12:13:55;full;https://www.mirror.co.uk/news/us-news/man-accused-smuggling-three-python-28177687;mirror.co.uk;"A man has been charged after it was alledged he tried to smuggle three Burmese pythons ""in his pants as he rode on a bus that crossed the US-Canadian border"". Calvin Bautista, 36, was arraigned inâ€¦";"A man has been charged after it was alledged he tried to smuggle three Burmese pythons ""in his pants as he rode on a bus that crossed the US-Canadian border"". Calvin Bautista, 36, was arraigned in court on TuesdayA man from New York tried to smuggle the snakes ""in his pants"", officials claimA man has been charged after allegedly attempting to smuggle three Burmese pythons across a border hidden in his trousers, officials claim. New York's Calvin Bautista, 36, is alleged to have brought across three of the snake species on a bus into New York on July 15, 2018.";Reach PLC 2022;447;news;GB;en;Benjamin Lynch,Swns,mirrornews@mirror.co.uk,ter;https://i2-prod.mirror.co.uk/incoming/article28178489.ece/ALTERNATES/s1200/0_Python-portrait.jpg;False;@DailyMirror;18.35312;79f95057a3549a4b071e723b1a544fd3
3;Review: MONTY PYTHON'S SPAMALOT at Arizona Broadway Theatre;Herbert Paine;2022-10-10 05:30:00;timezone unknown;https://www.broadwayworld.com/phoenix/article/Review-MONTY-PYTHONS-SPAMALOT-at-Arizona-Broadway-Theatre-20221009;broadwayworld.com;The joyful frolics of MONTY PYTHON'S SPAMALOT are on stage in full armor at Arizona Broadway Theatre through November 5th.;BroadwayWorld/Phoenix is again delighted to welcome David Appleford as a guest contributor to its pages ~ as always, featuring his distinctive, well-balanced, and intelligent perspective on theatre. In this case, he shines the light on Arizona Broadway Theatre's production of MONTY PYTHON'S SPAMALOT.Here now ~ From the keyboard of David Appleford:The funny thing about Monty Python's Flying Circus is this: If PBS had never aired the irreverent late-night British TV series after its run ended on the BBC, there would be no Monty Python movies.;broadwayworld.com;2460;news;US;en;Herbert Paine;https://cloudimages.broadwayworld.com/columnpiccloud/1250-bfd85f2f41e1820fd648354f5f1070f2.jpg;False;@broadwayworld;18.253983;247d6214d56f7019bde2996c1d3f3624
4;How to Create a Simple Alarm Clock in Python;Sharlene Khan;2022-10-10 19:30:14;full;https://www.makeuseof.com/python-alarm-clock-simple-create/;makeuseof.com;If you're a Python beginner, this simple alarm clock is an excellent practical introduction.;"If you're a Python beginner, this simple alarm clock is an excellent practical introduction. 
There are lots of exercises you could use to strengthen your Python skills. One of these exercises is an alarm clock, which you can write as a single script file. You can also run it using a command prompt. In the alarm clock script, the user needs to set the time they would like the alarm to go off. The Python script will then display a ""Wake up"" message to the user when the alarm goes off. You can also add a countdown to show the user how long they have to wait until the alarm goes off.";makeuseof.com;1483;news;CA;en;Sharlene Khan;https://static1.makeuseofimages.com/wordpress/wp-content/uploads/2022/10/Alarm-Clock-on-Table.jpg;False;@MUO_official;17.285526;45e10414f738cb9cc760ab01fb11fc67
5;Freelance Data Scientist for Data restructure;Relief International;2022-10-07 17:05:37;full;https://reliefweb.int/job/3894096/freelance-data-scientist-data-restructure;reliefweb.int;"Information and Communications Technology Consultancy in UK, requiring 5-9 years of experience, from RI; closing on 7 Jan 2023";"UK + 1 more SCOPE AND NATURE OF THE SERVICES:
The Data Scientist for Data restructure will provide a back-end restructuring of existing data, to allow health teams to preserve current data entry practices, and allow RI global staff to create aggregated data visuals needed for tracking and analysis.
Deliverables:
Develop a back-end automation process to restructure quarterly data entry and combine these data from several Excel files into one useable data set. The freelancer is welcome to propose their own solutions for this.";You should respect the intellectual property rights of the original source. Please contact the source directly if you want to re-use their content.;1994;economics;LR;en;Relief International;https://reliefweb.int/modules/custom/reliefweb_meta/images/default.png;False;@reliefweb;17.026598;5dc7ca90297f7dc43e8303ac7395acee
6;Recent Developments in Mathematical Software part1;Monodeep Mukherjee;2022-10-07 13:03:31;full;https://medium.com/@monocosmo77/recent-developments-in-mathematical-software-part1-e7975df9ce1c;medium.com;1.NCVX: A General-Purpose Optimization Solver for Constrained Machine and Deep Learning (arXiv);Photo by Simon Weisser on Unsplash1.NCVX: A General-Purpose Optimization Solver for Constrained Machine and Deep Learning (arXiv)Author : Buyun Liang, Tim Mitchell, Ju SunAbstract : Imposing explicit constraints is relatively new but increasingly pressing in deep learning, stimu- lated by, e.g., trustworthy AI that performs robust optimization over complicated perturbation sets and scientific applications that need to respect physical laws and constraints. However, it can be hard to reliably solve constrained deep learning problems without optimization expertise.;medium.com;51;entertainment;US;en;Monodeep Mukherjee;https://miro.medium.com/max/1200/1*NxW04vDCuSmJOaRAneHFEA.jpeg;False;@monochelsea12;16.023376;71b292dba43fdf39b600bd5a45e33793
7;John Park's Workshop â€” LIVE! TODAY 10/6/22 @adafruit @johnedgarpark #adafruit;John Park;2022-10-06 19:43:34;full;https://blog.adafruit.com/2022/10/06/john-parks-workshop-live-today-10-6-22-adafruit-johnedgarpark-adafruit/;adafruit.com;It's JOHN PARK'S WORKSHOP! â€” LIVE! â€” Coming up at 4pm ET / 1pm PT Today! LIVE TEXT CHAT IS HERE in the Adafruit Discord chat! Today's project: Ortho Split Case Build Also: Gear Reâ€¦;"October 6, 2022 AT 3:43 pm It's JOHN PARK'S WORKSHOP! â€” LIVE! â€” Coming up at 4pm ET / 1pm PT Today! LIVE TEXT CHAT IS HERE in the Adafruit Discord chat!Today's project: Ortho Split Case Build
Also:


Gear Report

CircuitPython Parsec
Product Pick Recap
Fresh Discount Code


The live video will be on Youtube LIVE, Twitch, Periscope (Twitter) and Facebook.Join maker John Park in his workshop each week as he builds, demos, hacks, and mods projects live on air! 'John Park's Workshop â€” LIVE' is the place to see creative projects come to life, as John uses a wide variety of tools and techniques to make everything from mystery boxes to synthesizer controllers to drink robots, using digital fabrication, hand and power tools, microcontrollers, and more.";adafruit.com;2801;business;unknown;en;John Park;https://s0.wp.com/i/blank.jpg;False;@adafruit;15.312689;b24d916e8fbae729c51e236ede9fc11a
8;Here are the 10 most highly rated comedy films on Netflix UK;Graham Falk;2022-10-12 14:52:52;full;https://www.scotsman.com/arts-and-culture/film-and-tv/best-comedies-on-netflix-uk-10-of-the-most-highly-rated-comedy-films-on-netflix-3877373;scotsman.com;If you're needing some light-hearted entertaiment, these 10 films come highly recommend by film review site Rotten Tomatoes.;Maybe Netflix didn't have the start to 2022 they wanted, but they are certainly ending it strongly.It was reported that January marked the first time the platform had lost subscribers in over a decade, but a host of excellent new movies and TV series have seen them storm back to prominence in the streaming world.Amongst those new films added to the streaming service had been a number of classic â€“ and newly released â€“ comedies that will guarantee belly laughs a plenty.So if you're searching for your next Netflix side splitting comedy, these 10 Netflix films are sure to hit the spot.;Copyright 2022, JPIMedia Ltd;1399;news;GB;en;Graham Falk;https://www.scotsman.com/webimg/b25lY21zOjQzMTQ5MzUzLTk3MzAtNDA1OC04ZDNiLWMwOWM0ODQwZDY4NDo2ZmJlYmYyYS00OTdmLTRiYTktYWVlOC1jNGU1ZTgwOGRiNDE=.jpg?width=1200&enable=upscale;False;@TheScotsman;15.132042;401cd0f9eb89bf3ac845c62948b10783
9;Compensating For Your TVs Backlight;Matthew Carlson;2022-10-10 18:30:02;full;https://hackaday.com/2022/10/10/compensating-for-your-tvs-backlight/;hackaday.com;[Pekka VÃ¤Ã¤nÃ¤nen] has a Panasonic TV with a broken backlight that creates an uneven pink/green color. While it isn't a huge deal for most films, black-and-white films tend to show the most effâ€¦;"[Pekka VÃ¤Ã¤nÃ¤nen] has a Panasonic TV with a broken backlight that creates an uneven pink/green color. While it isn't a huge deal for most films, black-and-white films tend to show the most effect. So, by modeling the distortion as a function, [Pekka] set out to find an inverse function that corrects the distortion before it gets to the TV.
However, the backlight doesn't emit enough light for some colors, which means the blue and green channels need to be dimmed. As mentioned earlier, the distortion isn't even, so the distortion needs to be captured and then calculated.";hackaday.com;2957;news;US;en;John Little,Matthew Carlson,Rw Ver;https://hackaday.com/wp-content/uploads/2022/10/fourway_comparison.jpg;False;@hackaday;14.554762;150ef6492924d179e15b280fb307d6fe
10;Citrusbug Technolabs and its services;Citrusbug Technolabs;2022-10-12 14:29:33;timezone unknown;https://www.openpr.com/news/2765182/citrusbug-technolabs-and-its-services;openpr.com;Citrusbug Technolabs is a software development company that has nine years of experience in delivering high quality products The vision of Citrusbug Technolabs is to leverage technology forâ€¦;"Citrusbug Technolabs and its services

https://citrusbug.com/

Citrusbug Technolabs is a software development company that has nine years of experience in delivering high-quality products. The vision of Citrusbug Technolabs is to leverage technology for sustainable growth and the benefit of human beings through innovation. Our mission is to empower businesses by building simple and scalable solutions.We are trusted by top tech giants like Nestle, Hitachi, SoftBank, Adidas, and a lot more. We have more than 320 clients with a 95 percent customer retention rate.";openpr.com;9387;news;DE;en;Citrusbug Technolabs;https://cdn.openpr.com/V/a/Va12218636_g.jpg;False;;12.849833;ec3082eebcb18879fac010f9a6b1ed55
11;A lifetime subscription to this software training platform is on sale for just $50;AOL Staff;2022-10-06 09:00:00;full;https://mashable.com/deals/oct-6-subscription-software-training;mashable.com;"TL;DR: As of Oct. 6, you can get the Unlimited Lifetime Membership to StreamSkill.com Software Training for just $49.99 instead of $1,250 â€” that's a 96% discount.Learning new software can be aâ€¦";"People working on a laptop.TL;DR: As of Oct. 6, you can get the Unlimited Lifetime Membership to StreamSkill.com Software Training for just $49.99 instead of $1,250 â€” that's a 96% discount.Learning new software can be a challenge. Even ubiquitous software like Excel still can have a steep learning curve, and you may not always know if there's a feature one dropdown menu away that could have been saving you hours. Though you could learn software through trial and error, you may be able to learn faster if you added some professional instruction.";aol.com;273;news;US;en;AOL Staff,Mashable;https://s.yimg.com/ny/api/res/1.2/Rp6fprE6dtIsIg_dgwIoUg--/YXBwaWQ9aGlnaGxhbmRlcjt3PTEyMDA7aD02NzU-/https://media.zenfs.com/en/aol_mashable_370/c9d012e05616f4817b5b0495853d0df8;False;@AOL;12.834425;08bb4840275437d2a5fdbe5f03633fc3
12;FEA Scientist/Engineer;;2022-10-12 11:15:00;timezone unknown;https://engineering-jobs.theiet.org/job/36443/fea-scientistengineer;theiet.org;FEA Engineer/Scientist We have an exciting opportunity for a finite element analyst to join the Thermomechanical Effects Team to grow our simulation c;FEA Engineer/Scientist We have an exciting opportunity for a finite element analyst to join the Thermomechanical Effects Team to grow our simulation capability. We are looking for the successful candidate to have experience in a FEA role, however we are happy to consider candidates at various stages in their career. This role can offer excellent career development opportunities for somebody looking to gain further experience and build a career at AWE, or can provide interesting work for an experienced FEA Engineer/Scientist looking for an exciting new opportunity.;theiet.org;3718;economics;GB;en;;https://engineering-jobs.theiet.org/images/_display/job/36443/facebook.png;False;;12.716455;ebc4b58373663889b23a61e378a6c3fe
13;How John Cleese became a hero of the right;Marc Burrows;2022-10-10 15:39:55;full;https://www.newstatesman.com/quickfire/2022/10/john-cleese-hero-right;newstatesman.com;The Monty Python comic, and latest GB News signing, was once anti-establishment. Now he is merely 'anti-woke'.;Photo by James D. Morgan/Getty Images John Cleese has always been the member of the Monty Python team most keen on a verbalÂ skirmish. At his best he can be quick, biting and vicious. The most famous example of this came in 1979, when he and his fellow Python Michael Palin took part in a late-night TV debate over their filmÂ The Life of Brian, aÂ razor-sharp take-down of religious dogma, blind faith and people's tendency to follow the pack. ('Yes!' a crowd shouts back in unison to Graham Chapman's Brian in one of film's most famous scenes.;newstatesman.com;1939;economics;GB;en;Marc Burrows;https://www.newstatesman.com/wp-content/uploads/sites/2/2022/10/GettyImages-531164484.jpg;False;;12.562391;d7294bcc3276ea8d2c833109c65c5fe5
14;Adafruit Learning System Weekly Update: The 7-Segment Display;Tyler Cooper;2022-10-11 19:19:48;full;https://blog.adafruit.com/2022/10/11/adafruitlearningsystem-7-seven-segment-display/;adafruit.com;This week on the Adafruit Learning System, we published an update to the LED Backpacks guide, which includes directions on using one of my favorite Adafruit products, the 7-segment backpack. So todâ€¦;"October 11, 2022 AT 3:19 pm This week on the Adafruit Learning System, we published an update to the LED Backpacks guide, which includes directions on using one of my favorite Adafruit products, the 7-segment backpack. So today, let's take a look at some of the many awesome guides that use the 7-segment display. But first, here is my favorite new guide this week!Favorite New GuideLadyada and Philip Burgess created a new guide to help you cheat your way to becoming a chess champion!


Social media is abuzz lately over the prospect of cheating in tournament strategy games.";adafruit.com;2801;business;unknown;en;Tyler Cooper;https://cdn-blog.adafruit.com/uploads/2022/10/7-Segment-Blog.png;False;@adafruit;12.392392;33bd3e4602ef817126e1744ac5f7fa0e
15;Celebrate World Teacher's Day With 50% Off on Skillshare;Gabriela Vatu;2022-10-05 09:17:14;full;https://www.makeuseof.com/skillshare-teachers-day-deal/;makeuseof.com;If learning is something you want to do, Skillshare is giving you a massive discount on its subscription.;"Every year, on October 5th, we celebrate our teachers, the folks who put in time and effort to help us grow, to help us learn new skills and information that will help us improve our lives. To celebrate World Teacher's Day, Skillshare is cutting its subscription price so we can continue taking classes and learning new skills or taking on new hobbies. Get The Best Deal
While Skillshare is an awesome place to learn new skills, there's nothing like taking advantage of a massive deal and saving money.";makeuseof.com;1483;news;CA;en;Gabriela Vatu;https://static1.makeuseofimages.com/wordpress/wp-content/uploads/2022/10/Skillshare-teachers-day-deal.jpg;False;@MUO_official;12.3134775;c3f3b45885b481bd71bb9f4df4608037
16;Computer Science Researcher (Scientist 2) in Los Alamos, NM for Los Alamos National Laboratory;;2022-10-11 23:00:53;full;https://careers.aps.org/jobs/17592831/computer-science-researcher-scientist-2;aps.org;Exciting opportunity in Los Alamos, NM for Los Alamos National Laboratory as a Computer Science R...;"Use this area to filter your search results. Each filter option allows for multiple selections. Level Entry Level (65) Experienced (307) Summer Research/Internship (11) Sector Academic (260) Government and National Lab (95) Non-Profit (34) Other (10) Private Sector (16) Degree/Education 4 Year Degree (24) Current Undergraduate (9) Doctorate (327) Masters (23) 
 Save Agent Pittsburgh, Pennsylvania Los Alamos, New Mexico NEW! NP3M Postdoctoral Fellows Nationwide Senior Computational Physicist Redwood City, California NEW! Internal Number: IRC113794 What You Will DoThe P-1 Dynamic Imaging and Radiography Group of the Physics Division seeks two computer science researchers for the Advanced Imaging Team's Nuclear Imaging Systems (NIS) project and the New Bayes Inference Engine (NewBIE) project working in the Radiographic Analysis Capability Team.";aps.org;1598;news;US;en;;https://careers.aps.org/nsutilities/showLogo.cfm?id=1277750&orgType=employer&logoType=Primary&shareposting=1;False;;11.632921;c793a66fbddfd337ee400eb725b3b2fa
17;Research Associate in Cardiac Signal Processing job with FLINDERS UNIVERSITY;;2022-10-07 06:39:47;full;https://www.timeshighereducation.com/unijobs/listing/311759/research-associate-in-cardiac-signal-processing/;timeshighereducation.com;The Research Associate will undertake research in Cardiac Signals Analysis under the direction of the Research Fellow in Cardiac Signal Processing.;About Flinders Our bold vision, captured in our Strategic Plan: making a Difference: The 2025 Agenda, is to be internationally recognised as a world leader in research, an innovator in contemporary education, and the source of Australia's most enterprising graduates. To realise this ambition, we recently made a significant organisation change to a six College structure with a professional staff and services alignment. We recognise the key to our success is exceptional people and we're seeking an outstanding individual to join the team of our transformed university.;timeshighereducation.com;1613;news;GB;en;;"https://www.timeshighereducation.com/unijobs/getasset/7ad59fd7-6717-4cbc-9e75-10a516cd0369/;w=600;h=315";False;@timeshigherjobs;11.304425;259b35b4e98e3eca119cbe7f8167578a
18;OpenBloodFlow: A User-Friendly OpenCV-Based Software Package for Blood Flow Velocity and Blood Cell Count Measurement for Fish Embryos;Ali Farhan;2022-10-08 00:00:00;date;https://www.mdpi.com/2079-7737/11/10/1471;mdpi.com;The transparent appearance of fish embryos provides an excellent assessment feature for observing cardiovascular function in vivo. Previously, methods to conduct vascular function assessment wereâ€¦;"This is an early access version, the complete PDF, HTML, and XML versions will be available soon.


Open AccessArticle by
 1,2,â€ , 1,2,â€ , 1,2, 3, 4,5, 4,5,6, 4,5, 2, 7, 8,* and 1,2,9,* 


1
Department of Chemistry, Chung Yuan Christian University, Taoyuan 320314, Taiwan


2
Department of Bioscience Technology, Chung Yuan Christian University, Taoyuan 320314, Taiwan


3
Department of Bioinformatics and Biostatistics, Shanghai Jiao Tong University, Shanghai 200240, China


4
Faculty of Pharmacy, University of Santo Tomas, Manila 1015, Philippines


5
The Graduate School, University of Santo Tomas, Manila 1015, Philippines


6
Research Center for the Natural and Applied Sciences, University of Santo Tomas, Manila 1015, Philippines


7
Department of Aquatic Biosciences, National Chiayi University, 300 University Rd.";Creative Commons Attribution (CC-BY);449;science;CH;en;Ali Farhan,Farhan,Humayun,Michael Edbert,Pajimna,Roi Martin B.,Roldan,Ross D.,Saputra,Suryanto,Vasquez;https://www.mdpi.com/img/journals/biology-logo-social.png?8600e93ff98dbf14;False;@MDPIOpenAccess;11.232851;d09619ea4e0022b3c2fa41bf44c92a9b
19;Senior Psychology Technician job with DE MONTFORT UNIVERSITY;;2022-10-05 15:36:36;full;https://www.timeshighereducation.com/unijobs/listing/311540/senior-psychology-technician/;timeshighereducation.com;We are looking to recruit a Senior Psychology Technician who will oversee the day to day running of the Psychology facilities...;Senior Psychology Technician â€“ Full Time Location: Dubai DMU is excited to launch a new overseas campus, offering a range of courses to students in Dubai. Based in Dubai International Academic City, the opening marks the first time DMU has ran a campus overseas and the milestone is part of the university's wider Trans National Education (TNE) programme, making this an incredible time to join! A culturally rich university with a genuine commitment to contributing for the public good, it strives to maintain a stimulating and inclusive environment where staff and students are able to thrive.;timeshighereducation.com;1613;news;GB;en;;"https://www.timeshighereducation.com/unijobs/getasset/bd121c8f-304a-4369-af7f-48c968889dc1/;w=600;h=315";False;@timeshigherjobs;11.231121;29914b1ce6280a071bae19a60b9135d5
20;A Guide To Google's Knowledge Graph Search API For SEO;Ruth Everett;2022-10-06 12:45:10;full;https://www.searchenginejournal.com/google-knowledge-graph-search-api/464370/;searchenginejournal.com;Help your customers find you quicker than your competitors by using the Knowledge Graph and ranking better on the SERPs.;"Google introduced the Knowledge Graph in 2012 to help searchers discover new information quicker.
Essentially, users can search for places, people, companies, and products and find instant results that are most relevant to the query.
The Knowledge Graph is a collection of topics, also known as entities, connecting to other entities. Entities are single information objects that can be uniquely defined.
They enable Google to go beyond just keyword matching when returning a response to a particular query.";searchenginejournal.com;1023;news;US;en;Ruth Everett;https://cdn.searchenginejournal.com/wp-content/uploads/2022/09/guide-to-googles-knowledge-graph--6328441ad60f2-sej.png;False;@sejournal;11.174349;80d9436da3472927f48b53b5c7fc1ded
21;10 GitHub Repositories for AutoML;Khang Pham;2022-10-05 11:05:33;full;https://medium.com/@khang.pham.exxact/10-github-repositories-for-automl-56dbbfa52c2c;medium.com;Automated Machine Learning uses automatic processing done by given frameworks to make machine learning more accessible.;"Breakthroughs in artificial intelligence and machine learning have been two of the most exciting topics of the last two decades. Extensive research and hard work are necessary for machine learning and data science engineers to understand and run their models effectively.While they may differ depending on different individuals, the traditional machine learning steps include:Data AcquisitionData ExplorationData PreparationFeature EngineeringModel SelectionModel TrainingHyper Parameter TuningPredictionsWhile 8 steps may not seem like much when building a machine learning model, a single step from the ones above will take quite some time to perfect!The problem is exacerbated when non-expert machine learning practitioners go through these steps for the first time; the process will usually require more time and resources to complete, and even then the final result may not be as expected.";medium.com;51;news;US;en;Khang Pham;https://miro.medium.com/max/1200/0*xJh1U3nnHEfpWOfI;False;@Medium;11.02184;f96c28aeb41bd52c2a5ae3dbb19a3a29
22;The Only 30 Methods You Should Master To Become A Pandas Pro;Avi Chawla;2022-10-11 17:30:04;full;https://towardsdatascience.com/the-only-30-methods-you-should-master-to-become-a-pandas-pro-749795084bb2;towardsdatascience.com;After using pandas for over three years, here are the 30 methods I have used almost all the time;Photo by Glenn Carstens-Peters on UnsplashPandas is undoubtedly one of the best libraries ever built in Python for tabular data-wrangling and processing tasks.Being open-source, numerous developers from different parts of the world have contributed to its development and brought it to where it is today â€” supporting hundreds of methods for various tasks.However, if you are a newbie and trying to get a firm hold at the Pandas library, things can appear very daunting and overwhelming at first if you start with Pandas' Official Documentation.;towardsdatascience.com;2592;entertainment;US;en;Avi Chawla;https://miro.medium.com/max/1200/0*mXergPC5ziQ_N0Bs;False;@TDataScience;11.006421;59cd953c07e72852ae3b6a53f81ac2cc
23;ENT-Software Engineer-Exp;;2022-10-05 03:15:00;timezone unknown;https://www.insurancejournal.com/jobs/685922-ent-software-engineer-exp;insurancejournal.com;"Receive weekly alerts about insurance industry jobs. Back to Job Board More Jobs in ""Technology""";"Receive weekly alerts about insurance industry jobs. Back to Job Board More Jobs in ""Technology"" Posted on Sep 20 Remote, Remo 20 views The world isn't standing still, and neither is Allstate. We're moving quickly, looking across our businesses and brands and taking bold steps to better serve customers' evolving needs. That's why now is an exciting time to join our team. You'll have opportunities to take risks, challenge the status quo and shape the future for the greater good.
You'll do all this in an environment of excellence and the highest ethical standards â€“ a place where values such as integrity, inclusive diversity and accountability are paramount.";insurancejournal.com;4191;news;US;en;;https://d6zxf491dr98g.cloudfront.net/logos/190x100/travelers.png;False;;10.668624;a41252faaeefc1bb96dc26c02c6e23ad
24;Post Doctoral Fellow, Geochemistry/Radiochemistry job with KHALIFA UNIVERSITY;;2022-10-12 01:22:42;full;https://www.timeshighereducation.com/unijobs/listing/312267/post-doctoral-fellow-geochemistry-radiochemistry/;timeshighereducation.com;To provide high quality research support and undertake internationally competitive research aimed at publication thereby contributing ...;Job Purpose To provide high quality research support and undertake internationally competitive research aimed at publication thereby contributing to the academic and research mission of the University. Since the Postdoctoral, experience is transitional to becoming an independent researcher or faculty member, the Postdoctoral tries their best to acquire the varied skills necessary to advance their career with guidance from the advisor. These skills include, but are not limited to, the ability to present research plans and findings in a convincing style, both in oral and written modes of communication, the ability to understand research group management and supervision of others, the ability to establish contacts and network with colleagues pursuing a similar research agenda, the ability to organize and teach a class or a course if more inclined towards a teaching career.;timeshighereducation.com;1613;news;GB;en;;"https://www.timeshighereducation.com/unijobs/getasset/ff6ca19c-d57d-4b5e-aea1-dbcf66ef14bf/;w=600;h=315";False;@timeshigherjobs;10.570123;7bd1df4c6a5dae4c8b9ce0e312aee3ef
25;26 Awesome Uses for a Raspberry Pi;Christian Cawley;2022-10-06 12:32:25;full;https://www.makeuseof.com/tag/different-uses-raspberry-pi/;makeuseof.com;Which Raspberry Pi project should you start with? Here's our roundup of the best Raspberry Pi uses and projects around!;"You've been thinking about it for a while, and you've finally taken the plunge: you've bought a Raspberry Pi. But what can you use it for? Can this little device really act as a desktop PC? As a server? As a radio station? Yes, it can!
To get you started, we've collected a whole bunch of uses for the Raspberry Pi, with detailed tutorials from across MakeUseOf.
We'll assume you're using a Raspberry Pi 4, but most of these projects will work on older models and the even the Raspberry Pi Zero. 1. Replace Your Desktop PC With a Raspberry Pi The simplest use for a Raspberry Pi is as a desktop computer.";makeuseof.com;1483;news;CA;en;Christian Cawley;https://static1.makeuseofimages.com/wordpress/wp-content/uploads/2018/01/awesome-uses-raspi.jpg;False;@thegadgetmonkey;10.461694;b41d6c44bebbf357065eef6676443623
26;Aquatic Emission and Properties Analysis for Wind Turbine Blades;R. Jai Ganesh;2022-10-08 19:05:02;full;https://www.hindawi.com/journals/amse/2022/5746688/;hindawi.com;In light of rising energy demand, solar and wind power are popular renewable energy sources. A need for the hour is for reliable little wind power at a reasonable price. The materials needed the costâ€¦;Advances in Materials Science and Engineering/2022/Article/Special IssueView this Special IssueResearch Article | Open AccessVolume 2022 | Article ID 5746688 | https://doi.org/10.1155/2022/5746688R. Jai Ganesh,1Manjunathan Alagarsamy,2G. Gabriel Santhosh Kumar,3P. Tamilnesan,4K. Kaarthik,5and Jemal Mohammed Yimer6Academic Editor: Jt Winowlin JappesIn light of rising energy demand, solar and wind power are popular renewable energy sources. A need for the hour is for reliable little wind power at a reasonable price.;Â© 2022 , Hindawi Limited . All rights reserved.;1129;science;GB;en;...,Alagarsamy,Gabriel Santhosh Kumar,Hindawi,Jai Ganesh,Jemal Mohammed Yimer,Kaarthik,Manjunathan Alagarsamy,R. Jai Ganesh,Tamilnesan,Yimer;https://images.hindawi.com/journals/amse/amse.banner.jpg;False;website;10.331153;5a1f1ca65a38132cab37d6aa63315551
27;Facing the challenge of tech transformation;;2022-10-05 15:45:00;timezone unknown;https://www.icaew.com/insights/viewpoints-on-the-news/2022/oct-2022/facing-the-challenge-of-tech-transformation;icaew.com;Finance teams must embrace finance transformation or face becoming obsolete, warns former Microsoft Finance Director Oliver Deacon. He shares his vision of the technologies that will shape the jobs ofâ€¦;"UK finance teams are up to 10 years behind US-based leading tech companies in the adoption of tech that will change the face of finance with a host of new jobs that place accountants at the commercial heart of the business.
A staggering 60% of the jobs in finance today will not exist in 10 years' time, but only one in 10 of those affected are aware of the dramatic shift they face, warns Oliver Deacon, a former Microsoft finance director turned executive coach.
Despite the huge potential for technology to transform finance teams and strip away many of the transactional elements of the job, progress is slow, Deacon warns.";icaew.com;9842;news;GB;en;;https://cdn.icaew.com/uh/production/img/global/icons/favicon-32.png;False;;10.143119;1ddcff41141c2fec29aac598869f48c5
28;WiMLDS NYC: January 2022 Newsletter;Ellie D. Norris;2022-10-06 20:26:34;full;https://medium.com/wimlds-nyc-blog/wimlds-nyc-january-2022-newsletter-613dbc9637b4;medium.com;Special Announcements;Photo Credit: John H. NorrisðŸ“£Reminder: We plan to publish a quarterly Q&A with a chapter member who would like to be featured on our new blog. If (a) you have just completed a certificate/degree or (b) you are seeking a career or job change, this platform may be a great way to publicize your accomplishments and goals.Please reach out to us at nyc@wimlds.org if you are interested in being featured in a publication.2021 Year in ReviewRead More on LinkedInâ€¦ and do not hesitate to connect with us at nyc@wimlds.;medium.com;51;entertainment;US;en;Ellie D. Norris;https://miro.medium.com/max/1200/0*KMbKLbnxv_fEPnJ4;False;@WiMLDS_NYC;9.965962;a946147a22ec03d153040acfb5d4b724
29;Improved Matrix Multiplication by Changing Loop Order;Almurayh;2022-10-11 13:05:04;full;https://www.hindawi.com/journals/misy/2022/9650652/;hindawi.com;Matrix multiplication has been implemented in various programming languages, and improved performance has been reported in many articles under various settings. Matrix multiplication is of paramountâ€¦;Mobile Information Systems/2022/Article/Matrix multiplication has been implemented in various programming languages, and improved performance has been reported in many articles under various settings. Matrix multiplication is of paramount interest to machine learning, a lightweight matrix-based key management protocol for IoT networks, animation, and so on. There has always been a need and an interest for improved performance in terms of algorithm implementation. In this work, the authors compared the run times of matrix multiplication in popular languages such as C++, Java, and Python.;Â© 2022 , Hindawi Limited . All rights reserved.;1129;science;GB;en;Abdullah,Abdullah Almurayh,Almurayh,Hindawi;https://images.hindawi.com/journals/misy/misy.banner.jpg;False;website;9.599242;0dfc4c50de908f029dc9730d02789db4
30;Proton Beamline Physicist (Scientist 2) in Los Alamos, NM for Los Alamos National Laboratory;;2022-10-11 22:56:16;full;https://careers.aps.org/jobs/17592828/proton-beamline-physicist-scientist-2;aps.org;Exciting opportunity in Los Alamos, NM for Los Alamos National Laboratory as a Proton Beamline Ph...;"Use this area to filter your search results. Each filter option allows for multiple selections. Level Entry Level (65) Experienced (307) Summer Research/Internship (11) Sector Academic (260) Government and National Lab (95) Non-Profit (34) Other (10) Private Sector (16) Degree/Education 4 Year Degree (24) Current Undergraduate (9) Doctorate (327) Masters (23) 
 Save Agent Los Alamos, New Mexico NEW! Senior Computational Physicist Redwood City, California NEW! Internal Number: IRC113792 What You Will DoThe P-1 Dynamic Imaging and Radiography Group seeks a beamline physicist to support development and operations efforts at Los Alamos Neutron Science Center's (LANSCE) Proton Radiography Facility (pRad).";aps.org;1598;news;US;en;;https://careers.aps.org/nsutilities/showLogo.cfm?id=1277750&orgType=employer&logoType=Primary&shareposting=1;False;;9.530484;c931375b4c0d7e013e76b8376b218356
31;Accelerate Big Transfer (BiT) model inference with IntelÂ® OpenVINOâ„¢;psakamoori;2022-10-07 20:27:20;full;https://medium.com/openvino-toolkit/accelerate-big-transfer-bit-model-inference-with-intel-openvino-faaefaee8aec;medium.com;Authors: Pradeep Sakhamoori, Ravi Panchumarthy, Evgenya Stepyreva, Nico Galoppo.;Authors: Pradeep Sakhamoori, Ravi Panchumarthy, Evgenya Stepyreva, Nico Galoppo.1. Overview:The AI community has created many open-source tools and models that help AI developers build AI solutions quickly and efficiently. These open-source AI models can be fine-tuned to fit a user-specific task, which reduces the AI model development cycle time significantly compared to training a model from scratch. After fine-tuning the model and achieving the desired accuracy, the AI model should be deployed to production environments.;medium.com;51;news;US;en;psakamoori;https://miro.medium.com/max/1200/1*wTpYG20A97GbbfnZrqOCIg.png;False;@IntelSoftware;9.490543;13834afd94e684cde444c8eea8c7047d
32;From The Archers to I'm Alan Partridge: your favourite BBC shows ever;Guardian readers;2022-10-10 14:06:56;full;https://www.theguardian.com/tv-and-radio/2022/oct/10/from-the-archers-to-im-alan-partridge-your-favourite-bbc-shows-ever;theguardian.com;For the BBC centenary, we asked you to name the shows you have loved the most. From the rural radio classic to an â€˜absolutely perfect' comedy and more, here are your top picks;It has to be Spooks. I've watched and rewatched it so many times. It is tight, tense, full of genuine peril for its main characters. The cast was consistently amazing particularly Nicola Walker, Matthew MacFadyen and Richard Armitage, whose performances really stayed with me. It could be devastating â€“ Tom pushed to breaking point, Danny's death, Lucas and Harry on the top of a roof. Tariq on the streets, Colin's desperate demise. Ruth's return and loss (sob). It also had some exquisitely hideous characters, whether they were shady politicians or double-crossing team members.;theguardian.com;60;news;GB;en;Guardian Readers;https://i.guim.co.uk/img/media/1d1b2870383dcda561714ab4502b0646944dbdca/0_229_4238_2543/master/4238.jpg?width=1200&height=630&quality=85&auto=format&fit=crop&overlay-align=bottom%2Cleft&overlay-width=100p&overlay-base64=L2ltZy9zdGF0aWMvb3ZlcmxheXMvdGctZGVmYXVsdC5wbmc&enable=upscale&s=92b7b3fdd4c0fd86c1c13580ff9705cf;False;@guardian;9.218693;23e42dd88b72a944683a81fe971d3690
33;9 business intelligence certifications to advance your BI career;Thor Olavsrud;2022-10-07 10:30:00;timezone unknown;https://www.cio.com/article/219932/11-business-intelligence-certifications-to-advance-your-bi-career.html;cio.com;From BI analysts and BI developers to BI architects and BI directors, business intelligence pros are in high demand. Here are the certifications that can give your career an edge.;With data increasingly vital to business success, business intelligence (BI) continues to grow in importance. With a strong BI strategy and team, organizations can perform the kinds of analysis necessary to help users make data-driven business decisions. BI encompasses numerous roles. BI analysts, with an average salary of $71,493 according to PayScale, provide application analysis and data modeling design for centralized data warehouses and extract data from databases and data warehouses for reporting, among other tasks.;cio.com;1478;news;US;en;Thor Olavsrud;https://www.cio.com/wp-content/uploads/2022/10/binary_glasses_certification-skills_studay_programmer_by-ameen-fahmy-unsplash-100764320-orig.jpg?quality=50&strip=all&w=1024;False;CIO;9.196392;85da0d1a88f4da3f6f523361ab82c75f
34;Associate Research Physicist- DIII-D Pedestal Diagnostics in San Diego, CA for Princeton Plasma Physics Laboratory (PPPL);;2022-10-05 19:26:23;full;https://careers.aps.org/jobs/17562674/associate-research-physicist-diii-d-pedestal-diagnostics;aps.org;Exciting opportunity in San Diego, CA for Princeton Plasma Physics Laboratory (PPPL) as a Associa...;"Use this area to filter your search results. Each filter option allows for multiple selections. Level Entry Level (57) Experienced (273) Summer Research/Internship (7) Sector Academic (226) Government and National Lab (82) Non-Profit (29) Other (8) Private Sector (16) Degree/Education 4 Year Degree (22) Current Undergraduate (8) Doctorate (292) Masters (15) 
 Save Agent Philadelphia , Pennsylvania Internal Number: 2022-15752 The Princeton Plasma Physics Laboratory seeks to fill an Associate Research Physicist position based at DIII-D (San Diego, CA) to work on diagnostics related to, and physics behind particle and thermal transport in the H-mode pedestal.";aps.org;1598;news;US;en;;https://careers.aps.org/nsutilities/showLogo.cfm?id=1281389&orgType=employer&logoType=Primary&shareposting=1;False;;9.074066;1eeb19404f3ee1989dd00afd87a72491
35;The rise of deepfakes in job interviews: Why we should be concerned;Susan Armstrong;2022-10-06 11:48:47;timezone unknown;https://www.euronews.com/next/2022/10/06/the-rise-of-deepfakes-in-job-interviews-why-we-should-be-concerned;euronews.com;The FBI released a statement saying more and more people are using deepfakes to apply for remote tech roles. Here's how and why we should be concerned.;"If you're fearful of a future where a potential employer can't tell the difference between a real applicant and a computer-generated forgery, aka a deepfake, and offers the job to them instead of you, you have reason to be a little alarmed.

The FBI's Internet Crime Complaint Centre (IC3) released a Public Service Announcement (PSA) warning employers and job seekers about the rising risk of deepfakes during the recruitment process.

Sure, watching startlingly accurate deepfake videos of actors like Tom Cruise can be fun, albeit a little unnerving at times.";euronews.com;692;news;FR;en;Euronews,Susan Armstrong;https://static.euronews.com/articles/stories/07/08/83/22/1000x563_cmsv2_c261d036-f74c-5cb6-9d74-9f1c5ce6bef5-7088322.jpg;False;@euronews;9.046189;23001c15f46fa445fc50b5fa961cf59a
36;Top 10 Flutter Development Companies in India 2023;HT Brand Studio;2022-10-10 12:37:41;full;https://www.hindustantimes.com/brand-stories/top-10-flutter-development-companies-in-india-2023-101665403701179.html;hindustantimes.com;Here are the top 10 Flutter developers in India 2023 for custom needs. The list is compiled after conducting deep research on app development skills, employee count, work experience, client reviews,â€¦;Nowadays, cross-platform apps are making a buzz in the mobile app and software development world! There are plenty of cross-platform frameworks available, each with its individual pros and cons. Some years ago, Google launched the best frameworkâ€”Flutter. Since Google released the Flutter framework, it has changed the world's view of native apps. Flutter is an open-source software development kit that makes applications simple and quick. According to recent research, Flutter is the most popular cross-platform mobile framework used by global developers in 2022.;hindustantimes.com;980;news;IN;en;HT Brand Studio;https://images.hindustantimes.com/img/2022/10/10/1600x900/97_1665405380938_1665405388175_1665405388175.jpg;False;@httweets;8.836664;dd3ef3facebc4277215001c5ee24f8eb
37;Microelectronics Precision Fabrication Postdoctoral Appointee;;2022-10-10 15:16:02;full;https://careers.aps.org/jobs/rss/17585909/microelectronics-precision-fabrication-postdoctoral-appointee;aps.org;Exciting opportunity in Albuquerque, NM for Sandia National Laboratories as a Microelectronics Precision Fabrication Postdoctoral Appointee;"Albuquerque, New Mexico, What Your Job Will Be Like: 
 We are seeking a Postdoctoral Appointee to contribute to the design, fabrication, and integration of emerging memory with digital logic to produce analog algorithm accelerators exploiting in-memory computing. This position will involve assisting with the design of bit-cells and core structures, including the development of masks and step-by-step fabrication process flows. In addition, custom and novel post-processing options on prototype devices will need to be developed.";aps.org;1598;news;US;en;;https://careers.aps.org/nsutilities/showLogo.cfm?id=86197&orgType=client&logoType=primary;False;;8.791761;1289f90a91926f5443489088d17694cb
38;Postdoctoral Researcher, Modelling the Climate Change Mitigation Potential of the Forest Sector job with UNIVERSITY OF HELSINKI;;2022-10-06 02:41:47;full;https://www.timeshighereducation.com/unijobs/listing/311587/postdoctoral-researcher-modelling-the-climate-change-mitigation-potential-of-the-forest-sector/;timeshighereducation.com;The Faculty of Agriculture and Forestry invites applications for the position of Postdoctoral researcher for a fixed term position ...;The Faculty of Agriculture and Forestry invites applications for the position of Postdoctoral researcher for a fixed term position starting on 1 January 2023, or as agreed. The postdoctoral researcher will be employed full time for a fixed term of approximately 4 years. The position is located at the Department of Forest Sciences in the research group Forest Bioeconomy, Business, and Sustainability (FBBS). The position connects with the following projects: Reduced emissions through wood use: Miti;timeshighereducation.com;1613;news;GB;en;;"https://www.timeshighereducation.com/unijobs/getasset/d3f958ac-7270-463b-af43-299acd18232d/;w=600;h=315";False;@timeshigherjobs;8.62023;7c22d3369f1bbc208f249f77ca33b432
39;Utah reptile lover, YouTuber dispelling fears, myths one animal at a time;Deseret Digital Media;2022-10-10 00:15:00;timezone unknown;https://www.ksl.com/article/50486111/utah-reptile-lover-youtuber-dispelling-fears-myths-one-animal-at-a-time;ksl.com;A Utah man's love of reptiles has reached hundreds of thousands of people, including students, who know more about the breeds than before because of his devotion.;Estimated read time: 5-6 minutesSPRINGVILLE â€” Few, if any, animals instill fear more than spiders, bats and snakes.But Clint Laidlaw is on a mission to educate the public, and evaporate the fear of at least two of the three.The interactive experience at Clint's Reptile Room â€” full of arachnids, boa constrictors and more â€” is housed at a historic 19th century building on Main Street in Springville, complete with an original brick, a painted mural and stained glass windows.Clint Laidlaw is seen in a YouTube video where he evaluates the reptiles he believes are best suited as pets.;ksl.com;3268;news;US;en;Deseret Digital Media,Mike Stapley;https://img.ksl.com/slc/2895/289575/28957533.jpg?filter=kslv2/responsive_story_lg;False;@kslcom;8.398745;0245b868d532c166f0112df88104da42
40;Home Interiors: How to choose and care for your mattress;Kya Delongchamps;2022-10-05 11:51:00;full;https://www.irishexaminer.com/property/homeandgardens/arid-40976324.html;irishexaminer.com;Circadian science has determined that sleep 'cleans the brain' and that regular, chronic sleep interruption can have serious health impacts;"Many of us don't bother to deep address a mattress issue until we drop-kick our cocoa over our spouse at 2am some Saturday night. This is outright neglect. It's estimated that every time we step out of bed, we leave behind 235ml of body fluids â€” a hearty mugful. Some of this revolting eau-de-you, will evaporate off, but much of it settles into the foam, fill, and ticking of the bed.

The UK Sleep Council have carried out research that indicates that an average mattress, after just two to three years, can carry worrying levels of staphylococcus, norovirus, and MRSA, sopped up by normal use.";irishexaminer.com;3118;news;IE;en;Kya Delongchamps;https://www.irishexaminer.com/cms_media/module_img/6455/3227933_9_seoimageog_modern_20bedroom.jpeg;False;@irishexaminer;8.20972;159ec2c04b627c447d03e6572dde934b
41;Milan bounce back against Juventus to give Allegri a slap in the face;Nicky Bandini;2022-10-10 12:40:06;full;https://www.theguardian.com/football/2022/oct/10/milan-bounce-back-against-juventus-to-give-allegri-a-slap-in-the-face;theguardian.com;Massimiliano Allegri took the Monty Python approach to explaining Juve's latest setback after setting himself up for a fall;Massimiliano Allegri threw down a gauntlet, only for his rivals to pick it up and slap him in the face with it. 'Try taking five starters away from Inter or Milan,' said the Juventus manager last month as he sought to defend his team's slow start to the Serie A season by gesturing at an extensive injury list. 'Then let's see if they run into difficulty.'Milan did indeed look diminished as they travelled to Stamford Bridge last week without Mike Maignan, Theo HernÃ¡ndez, Davide Calabria, Simon KjÃ¦r, Alexis Saelemaekers and Junior Messias â€“ not to mention long-term absentee Zlatan Ibrahimovic.;theguardian.com;60;sport;GB;en;Nicky Bandini;https://i.guim.co.uk/img/media/2e532d6bc7343505d5032dc7f69e6766ba099a9a/0_303_5568_3341/master/5568.jpg?width=1200&height=630&quality=85&auto=format&fit=crop&overlay-align=bottom%2Cleft&overlay-width=100p&overlay-base64=L2ltZy9zdGF0aWMvb3ZlcmxheXMvdGctZGVmYXVsdC5wbmc&enable=upscale&s=d486e7a3e703e9672e01cbcbc046a516;False;@guardian;7.7788544;4cbb61cdfca9d945d39bca85e7b2d522
42;"High schools: Coe-Brown volleyball wins championship rematch to remain undefeated; Tuesday's soccer and field hockey results";David Brooks;2022-10-12 04:02:05;full;https://www.concordmonitor.com/-48388001;concordmonitor.com;Girls' VolleyballCoe-Brown 3, Milford 0Key players: Coe-Brown â€“ Noelle Sartin and Annie Jerome (combined for 15 kills, both hitting over .250), Annika Gunderson (3 blocks) and Alexis Cowan (combinedâ€¦;"Girls' Volleyball

Coe-Brown 3, Milford 0

Key players: Coe-Brown â€“ Noelle Sartin and Annie Jerome (combined for 15 kills, both hitting over .250), Annika Gunderson (3 blocks) and Alexis Cowan (combined for 9 kills), Libero Haile Comeau (13 digs, 2 assists), Emma Broadstone (2 aces)

Highlights: The Bears defeated the Spartans in straight sets, 25-17, 25-16, 25-16, in a rematch of last year's Division II championship match.

Coach's quote: 'We were loose and relaxed tonight, and stayed present. The girls did a great job responding to a solid Milford team who dug a lot of balls and made some excellent offensive plays.";concordmonitor.com;9344;news;US;en;David Brooks,Eileen O Grady,Jenny Whidden,Kelly Burch;http://www.concordmonitor.com/getattachment/39fc91ed-60b9-4c6a-a097-174ac45b6634/attachment.aspx;False;@conmonitornews;7.4233465;ecb90ac5e3848dbc19dd57a14d3d4649
43;12 People Skills to Succeed at Work;Coursera;2022-10-07 15:40:52;full;https://www.coursera.org/articles/people-skills;coursera.org;Your ability to work well with othersâ€”or your people skillsâ€”are valuable abilities. Learn more about key people skills to feature on your resume.;Working with othersâ€”and working well with othersâ€”is often a key part of many jobs. People skills, sometimes called interpersonal skills, are important traits you can develop or strengthen to create stronger relationships and improve how you work with others. As automation continues to escalate, 'the need for finely tuned social and emotional skills will rapidly grow' by 2030, according to a recent skills report from McKinsey [1].Â In this article, we'll review several important people skills you can build or refine to succeed in your role.;coursera.org;474;news;unknown;en;Coursera;https://images.ctfassets.net/wp1lcwdav1p1/35TxcVMvldbvRshRpRu2lM/b29e5710ce320c8065d1b2364b0570e1/GettyImages-1316943039.jpg?w=1500&h=680&q=60&fit=fill&f=faces&fm=jpg&fl=progressive;False;Coursera;7.081554;cd650a711e40613f64072d8e5a4093ce
44;Georgetown recruit Kamryn Lee-Caracci defies categorization. One of the state's top middle hitters, the Lyons senior redefines the position. â€˜Kam can do so many other things.';Matt Le Cren;2022-10-10 13:21:48;full;https://www.chicagotribune.com/suburbs/la-grange/sports/ct-dlg-gvb-lee-caracci-tl-1013-20221010-wq7lnu3thzgzphtcrq26xfy2qa-story.html;chicagotribune.com;The 6-foot-1 Lee-Caracci can play several positions, which isn't unusual. But her ability to excel at more than one is rare.;"Kamryn Lee-Caracci doesn't like stereotypes, including any about the position she plays.

The Lyons senior is one of the top middle hitters in the state and said the position doesn't get the respect it deserves.

'People always say the middles are the stupidest players, and I kind of hated getting that title, especially with how hard I work in school,' Lee-Caracci said.

If the disrespect came from another teenager, that would be one thing. But she said she heard it from a club coach, and that really got her riled up.";chicagotribune.com;408;news;US;en;Matt Le Cren;https://www.chicagotribune.com/resizer/4nThz04xJZmC3TO31tQjcz4fVSY=/1200x630/filters:format(jpg):quality(70)/cloudfront-us-east-1.images.arcpublishing.com/tronc/5N25CS63NFGGJBZZZWP2W7PD3U;False;@chicagotribune;6.511514;272b123d6813fcc066dff9fd5d9559a3
45;Deep learning model for analyzing the relationship between mandibular third molar and inferior alveolar nerve in panoramic radiography;Sukegawa;2022-10-08 09:44:09;full;https://www.nature.com/articles/s41598-022-21408-9;nature.com;Scientific Reports - Deep learning model for analyzing the relationship between mandibular third molar and inferior alveolar nerve in panoramic radiography;Deep learning model for analyzing the relationship between mandibular third molar and inferior alveolar nerve in panoramic radiography Shintaro Sukegawa1,2,3, Futa Tanaka4, Takeshi Hara4,5, Kazumasa Yoshii4, Katsusuke Yamashita6, Keisuke Nakano3, Kiyofumi Takabatake3, Hotaka Kawai3, Hitoshi Nagatsuka3 & â€¦Yoshihiko Furuki1Â  Scientific Reports Â 12, ArticleÂ number:Â 16925 (2022) Cite this article Dentoalveolar surgeryDigital radiography in dentistryPanoramic radiography In this study, the accuracy of the positional relationship of the contact between the inferior alveolar canal and mandibular third molar was evaluated using deep learning.;nature.com;108;business;GB;en;Department,Furuki,Futa,Gifu University,Graduate School,Hara,Hitoshi,Hotaka,Kagawa University School,Katsusuke,Kawai,Kazumasa,Keisuke,Kiyofumi,Maxillofacial Surgery,Medicine,Miki,Nagatsuka,Nakano,Okayama University,Polytechnic Center Kagawa,Research System,Shintaro,Sukegawa,Takabatake,Takamatsu,Takeshi,Tanaka,Yamashita,Yoshihiko,Yoshii;https://media.springernature.com/m685/springer-static/image/art%3A10.1038%2Fs41598-022-21408-9/MediaObjects/41598_2022_21408_Fig1_HTML.png;False;@SciReports;5.6038723;d2adf44771c5c5dfa42d8e30430f4f74
46;iDetect for vulnerability detection in internet of things operating systems using machine learning;Al-Boghdady;2022-10-12 11:36:58;full;https://www.nature.com/articles/s41598-022-21325-x;nature.com;Scientific Reports - iDetect for vulnerability detection in internet of things operating systems using machine learning;iDetect for vulnerability detection in internet of things operating systems using machine learning Internet of Things (IoT) 's devices are ubiquitous and operate in a heterogonous environment with potential security breaches. IoT Operating Systems (IoT OSs) are the backbone software for running such devices. If IoT OSs are vulnerable to security breaches, higher-level security measures may not help. This paper aims to use Machine Learning (ML) to create a tool called iDetect for detecting vulnerabilities in C/C++â€‰source code of IoT OSs.;nature.com;108;business;GB;en;Abdullah,Ahmed Zewail Street,Al-Boghdady,Artificial Intelligence,Cairo University,Department,Dokki,El-Ramly,Faculty,Giza,Khaled,Mohammad,Wassif;https://media.springernature.com/m685/springer-static/image/art%3A10.1038%2Fs41598-022-21325-x/MediaObjects/41598_2022_21325_Fig1_HTML.png;False;@SciReports;5.004541;33a4401efbae472c4c6cf70fed22c743
47;The Best 95+ October Amazon Prime Day Deals to Shop Before Black Friday;Wirecutter Staff;2022-10-12 12:30:29;full;https://www.nytimes.com/wirecutter/money/prime-early-access-sale-best-deals-2022-1012/;nytimes.com;It's the second day of Amazon's October Prime Day. Check out the biggest discounts we're seeing on the very best, Wirecutter-approved products during the Prime Early Access Sale 2022.;"What we like: Withstands snow, rain, heat, and dust. You can control the two outlets independently. Easy to use and install. Operating-temperature range of -4Âº to 122Âº F.

Other things to know: No special effects. Offers 1,100 lumens, the equivalent of a 75-watt bulb. Supports Wi-Fi and Bluetooth. Compatible with Amazon Alexa, Google Assistant, IFTTT.

Other things to know: A little large for smaller ears. Five-hour battery life is middling.

What we like: Best cordless outdoor Wi-Fi camera. Delivers the best image and most specialized alerts.";nytimes.com;40;business;US;en;Wirecutter Staff;https://cdn.thewirecutter.com/wp-content/media/2022/10/bestdeals-2048px-tuesday-3x2-v2-1.jpg?auto=webp&quality=60&crop=1.91:1&width=1200;False;@wirecutter;4.6381316;8df076747e755084ad3f175fa54e1f74
48;NFL Week 5 picks, schedule, odds, injuries, stats, fantasy tips;ters;2022-10-07 10:54:44;full;https://abc7ny.com/sports/nfl-week-5-picks-schedule-odds-injuries-stats-fantasy-tips/12302393/;abc7ny.com;What to watch for in every game. Bold predictions. Fantasy advice. Key stats to know. And, of course, final score picks. It's all here for Week 5.;"The Week 5 NFL schedule for the 2022 season is stacked with great matchups, and we have you covered with what you need to know heading into the weekend. Our NFL Nation reporters bring us the biggest keys to every game and a bold prediction for each matchup.

Additionally, ESPN Stats & Information provides a big stat to know and a betting nugget for each contest, and our Football Power Index (FPI) goes inside the numbers with a matchup rating (on a scale of 1 to 100) and a game projection. ESPN researcher Kyle Soppe hands out helpful fantasy football intel, as well.";abc7ny.com;3291;news;US;en;ters;https://a.espncdn.com/photo/2022/0920/r1064395_1296x729_16-9.jpg?w=1600;False;@ABC7NY;4.040582;36b2beb5e72065a9ed6d13c0958c1c8a
